quantity,category,n_review,avg_rating
53075,Tieu thuyet,11481,5
7929,Linh vuc khac,780,4.8
17896,Linh vuc khac,3623,4.8
24668,Van hoc,5131,5
10000,Tieu thuyet,1636,4.8
25272,Van hoc,3791,4.8
8152,Tam ly hoc,785,4.8
7166,Truyen gia tuong - huyen bi - phieu luu,1544,4.8
4630,Linh vuc khac,604,4.8
3980,Linh vuc khac,327,4.8
33316,Van hoc,3431,4.8
25230,Linh vuc khac,2990,4.8
164,Kinh te,14,4.6
17175,Tieu thuyet,3033,4.8
20322,Van hoc,4863,4.8
13802,Linh vuc khac,3180,4.8
9627,Van hoc,2013,5
7,Tieu thuyet,0,0
4654,Khoa hoc,648,4.8
20669,Truyen ke cho be,3011,4.8
12009,Linh vuc khac,2603,4.8
44869,Van hoc,3702,4.8
18288,Truyen dai,1829,5
24563,Linh vuc khac,4712,4.8
2274,Van hoc,553,4.8
7143,Van hoc,989,4.7
2904,Van hoc,508,4.6
27672,Linh vuc khac,6325,4.7
45858,Tieu thuyet,3457,4.8
8464,Truyen ke cho be,1351,5
3660,Tieu thuyet,777,4.8
15845,Truyen dai,2469,4.8
18383,Kinh te,2990,4.8
6384,Tieu thuyet,1025,4.8
5185,Truyen gia tuong - huyen bi - phieu luu,1065,4.7
6552,Linh vuc khac,1273,4.8
65623,Linh vuc khac,6602,4.8
5665,Tieu thuyet,1069,4.8
854,Van hoc,79,4.8
6679,Tieu thuyet,1547,4.8
768,Linh vuc khac,59,5
16741,Linh vuc khac,5540,4.8
16595,Truyen trinh tham,3213,4.8
708,Van hoc,85,4.7
48419,Tam ly hoc,3904,4.7
1932,Tieu thuyet,369,4.8
5684,Ki nang song,498,4.8
8825,Kinh te,1448,4.8
628,Linh vuc khac,73,5
291,Tieu thuyet,21,5
3528,Truyen trinh tham,918,4.8
7744,Nghe thuat song dep,1242,4.8
7994,Tam ly hoc,1418,5
18,Tieu thuyet,4,5
5947,Linh vuc khac,1207,4.8
3892,Tieu thuyet,793,4.8
13123,Tam ly hoc,2505,5
6838,Tam ly hoc,812,4.8
3906,Tam ly hoc,497,5
8546,Kinh te,1291,4.7
25115,Tam ly hoc,4341,4.8
240,Van hoc,14,5
2895,Tieu thuyet,583,4.8
3918,Van hoc,744,4.8
30490,Ki nang song,1076,4.7
1802,Tam ly hoc,145,5
15,Van hoc,3,5
1745,Van hoc,272,4.8
4622,Tieu thuyet,986,4.8
2792,Kien thuc - bach khoa,281,5
17018,Linh vuc khac,3219,4.8
562,Truyen gia tuong - huyen bi - phieu luu,78,5
5616,Hoc tap,1014,5
4735,Van hoc,724,4.8
1119,Van hoc,174,5
14656,Kinh te,2320,4.8
4,Truyen trinh tham,3,5
89,Van hoc,15,5
5034,Tam ly hoc,711,5
9719,Tam ly hoc,888,4.8
6051,Kinh te,490,5
278,Van hoc,13,4.7
12680,Tieu thuyet,1293,4.7
1278,Sach ki nang lam viec,88,5
182,"Sach quan tri, lanh dao",15,5
1438,Truyen tranh,132,5
497,Tieu thuyet,31,4.5
837,Nghe thuat song dep,72,5
143,Truyen tranh,15,4.7
19927,Lich su the gioi,1486,4.6
4438,Lich su the gioi,579,4.7
12199,Truyen dai,1379,4.8
7392,Truyen trinh tham,1232,4.8
5292,Truyen gia tuong - huyen bi - phieu luu,1283,4.8
674,Lich su the gioi,72,5
363,Kinh te,50,5
643,Kien thuc - bach khoa,86,5
4002,Kien thuc - bach khoa,703,4.8
3436,Kinh te,480,5
5507,Khoa hoc ,940,4.8
15154,Sach ki nang lam viec,2749,4.8
12729,Kinh te,2134,5
423,Tieu su - hoi ky,27,4.7
188,Tieu thuyet,36,4.7
2251,Tieu thuyet,447,4.8
6660,Nghe thuat song dep,757,4.8
5937,Am thuc,1239,4.8
2802,Nghe thuat song dep,0,0
929,Tam ly hoc,86,5
977,Truyen tranh,81,5
3450,Nghe thuat song dep,392,5
31234,Kinh te,4311,4.8
12230,Sach ki nang lam viec,1958,4.8
1391,"Sach quan tri, lanh dao",204,4.8
5087,Lich su the gioi,754,4.6
1482,Tam ly hoc,267,5
13655,Nghe thuat song dep,2802,5
2734,Tam ly hoc,395,5
24252,Kien thuc - bach khoa,3508,4.8
8567,Sach ki nang lam viec,1641,5
8188,Ki nang song,1565,4.8
671121,Nghe thuat song dep,1855,5
14728,Tam ly hoc,1578,4.8
10037,Triet ly song,2253,5
7271,Khoa hoc ,673,4.8
45110,Khoa hoc ,5075,4.8
3738,Ki nang song,585,4.8
334,Truyen tranh,29,5
8235,Kinh te,1119,5
246,Kinh te,27,5
3128,Nghe thuat song dep,375,5
534,Truyen gia tuong - huyen bi - phieu luu,75,4.8
139,Truyen tranh,8,5
4487,Kinh te ,865,4.8
443,Van hoc,24,4.8
90,Truyen tranh,2,5
112,Van hoc,19,5
36046,Kinh te,3451,4.8
4137,Tieu thuyet,463,5
2451,Tam ly hoc ,254,5
4379,Linh vuc khac,859,5
6399,Tieu thuyet,673,4.8
3617,Van hoc,497,4.8
1591,Truyen tranh,142,4.8
1124,Kinh te,145,5
3843,Khoa hoc ,907,5
18353,Tieu thuyet,1681,4.6
10535,Linh vuc khac,941,4.8
9116,Truyen dai,1867,5
2175,Truyen tranh,393,5
7991,Van hoc,1691,4.8
7268,Tam ly hoc,1578,4.8
63,Linh vuc khac,9,5
9508,Ki nang song,1881,4.8
6127,Kinh te ,1330,5
95,Tam linh - tu tuong,5,4.2
2303,Tieu thuyet,533,4.8
16762,Tam ly hoc,2004,4.8
329,Truyen tranh,34,5
6584,Tieu thuyet,878,4.8
1551,Linh vuc khac,179,5
200,Truyen tranh,11,5
5024,Kinh te,775,4.8
273,Van hoc ,23,4.8
2802,Truyen tranh,0,0
1055,Ki nang song,107,4.8
2631,Truyen dai,599,5
5237,Kien thuc - bach khoa,877,4.8
3607,Kinh te ,657,5
1567,Hoc tap,197,4.8
1631,Ki nang song,248,5
108,Tieu thuyet,6,4
8164,Khoa hoc,1477,4.8
7113,Truyen ke cho be,504,5
973,Van hoc,155,4.8
294,Truyen trinh tham,23,5
340,Van hoc,34,5
10038,Nghe thuat song dep,565,5
72,Truyen tranh,7,5
3723,Tieu thuyet,738,4.7
4268,Triet ly song,674,4.8
3717,Tieu thuyet,525,5
3958,Tieu thuyet,500,4.8
1589,Tieu thuyet,303,5
491,Truyen tranh,54,5
515,Linh vuc khac,47,4.8
1555,Ki nang song,314,5
3606,Ki nang song,564,4.8
448,Kinh te ,30,4.8
99,Ki nang song,2,5
335,Truyen tranh,30,5
437,Truyen tranh,34,5
866,Kinh te,36,5
1793,Kinh te,269,5
10641,Tam ly - gia dinh - xa hoi,1722,4.8
227,Truyen tranh,31,5
1701,Nghe thuat song dep,185,5
272,Van hoc,21,5
371,Truyen tranh,13,5
3487,Tam ly hoc,392,4.7
1448,Tieu thuyet,275,5
272,Truyen dam my,47,4.6
25408,Van hoc thieu nhi,2482,5
4427,Tieu thuyet,420,4.8
3188,Kinh te ,370,4.5
359,Kinh te,29,4.8
356,Tieu thuyet,56,4.8
1899,Van hoc,311,5
3344,Sach ki nang lam viec,361,4.8
5305,Kinh te,758,4.7
9192,Van hoc,609,4.7
3490,Tieu thuyet,421,4.8
94,Truyen dam my,19,5
1,Truyen gia tuong - huyen bi - phieu luu,0,0
4834,Van hoc,346,5
2516,Linh vuc khac,332,5
1920,Kien thuc - bach khoa,171,5
747,Nghe thuat song dep,76,5
2408,Kinh te,372,4.8
3650,Van hoc,773,5
1636,Truyen gia tuong - huyen bi - phieu luu,368,5
1938,Truyen trinh tham,402,4.8
87,Nghe thuat song dep,4,5
10031,Truyen trinh tham,1213,4.7
1912,Ki nang song,231,5
63,Truyen tranh,5,5
4388,Ki nang song,920,5
5669,Van hoc,1020,5
1286,Hoc tap,243,5
406,Van hoc ,35,4.8
724,Ki nang song,62,4.8
445,Truyen trinh tham,40,5
2198,Sach lam cha me,296,5
224,Van hoc,22,5
1057,Tieu thuyet,208,5
3975,Tieu su - hoi ky,488,4.8
175,Truyen gia tuong - huyen bi - phieu luu,21,5
3784,Ki nang song,529,5
1380,Tieu thuyet,293,4.8
1871,Truyen trinh tham,369,5
6789,Van hoc thieu nhi,495,4.8
1916,Linh vuc khac,345,4.8
1429,Van hoc thieu nhi,169,5
1315,Sach lam cha me,146,5
453,Tieu thuyet,13,4.8
23364,Kinh te,2272,4.8
2293,Truyen trinh tham,524,4.8
72,Truyen dam my,12,5
88,Tieu thuyet,21,5
4411,Ki nang song,43,4.8
1200,Ki nang song,189,4.8
4242,Truyen trinh tham,791,4.8
1333,Nghe thuat song dep,164,5
1912,Truyen gia tuong - huyen bi - phieu luu,401,4.7
692,Truyen tranh,67,5
596,Sach ki nang lam viec,109,4.8
10530,Van hoc,2252,4.8
900,Truyen gia tuong - huyen bi - phieu luu,158,5
166,Truyen tranh,4,4.8
7106,Van hoc,1610,4.8
4901,Ki nang song,604,4.7
2802,Truyen trinh tham,0,0
209,Van hoc ,16,5
3674,Tam ly hoc,561,4.8
8,Tieu thuyet,1,5
321,Sach lam cha me,9,5
1287,Nghe thuat song dep,149,5
2569,Ki nang song,424,4.8
101,Van hoc,16,5
10341,Ki nang song,1318,4.8
23025,Van hoc,4046,4.8
14075,Sach ki nang lam viec,1774,5
3777,Kinh te,390,4.7
3503,Kinh te,649,4.8
10461,Van hoc,2319,4.8
7391,Van hoc,1421,5
67,Sach lam cha me,0,0
3582,Tieu thuyet,512,4.6
22879,Hoc tap,3841,4.7
697,Hoc tap,121,5
177,Truyen dam my,34,5
2208,Hoc tap,368,5
1480,Van hoc,221,5
267,Van hoc,22,5
5077,Ki nang song,1046,4.8
1970,Ki nang song,286,4.8
2692,Sach ki nang lam viec,285,4.8
308,Truyen tranh,31,5
5240,Van hoc thieu nhi,1477,4.8
136,Truyen tranh,11,4.8
4399,Kinh te,439,4.8
1955,Truyen dai,426,5
12195,Kinh te,2204,4.8
2441,Hoc tap,485,5
412,Van hoc,31,5
10952,Tieu thuyet,1251,4.8
137,Truyen tranh,7,4.3
2105,Truyen trinh tham,494,4.8
94,Truyen tranh,4,5
250,Tieu thuyet,26,4.8
79,Kien thuc - bach khoa,3,5
304,Sach ki nang lam viec,40,5
234,Van hoc,25,5
2126,Hoc tap,493,4.7
93,Truyen tranh,3,5
230,Linh vuc khac,22,5
1620,"Sach quan tri, lanh dao",242,4.8
2563,Van hoc,341,4.8
44164,Ki nang song,3073,4.8
567,Van hoc,87,5
245,Tieu thuyet,29,5
145,Truyen tranh,6,4.3
1339,Khoa hoc,199,4.8
221,Van hoc,50,5
822,Van hoc thieu nhi,79,5
6162,Sach lam cha me,743,5
1089,Tieu thuyet,224,5
53,Truyen tranh,4,5
874,Kinh te,182,4.8
119,Truyen tranh,6,5
2712,Truyen tranh,527,5
588,Kinh te ,58,5
6892,Hoc tap,1149,4.8
5491,Truyen tranh,1396,5
5828,Van hoc,301,4.8
3214,Truyen trinh tham,760,4.8
2443,Tieu su - hoi ky,283,4.8
512,Tieu thuyet,26,4.5
220,Truyen tranh,15,5
64,Van hoc,5,5
177,Truyen tranh,15,5
11789,Ki nang song,1633,5
3533,Kinh te ,578,4.8
4660,Van hoc,778,4.8
1223,Nghe thuat song dep,125,4.8
1142,Truyen ke cho be,143,5
280,Ki nang song,22,5
459,Linh vuc khac,11,3.9
6134,Tam ly hoc,1332,5
72,Ki nang song,0,0
2802,Sach ki nang lam viec,0,0
5848,Hoc tap,626,4.7
2802,Ki nang song,0,0
2092,Hoc tap,464,5
1976,Kinh te ,191,4.8
2889,Van hoc,442,5
6711,Truyen dai,517,4.8
3698,Sach ki nang lam viec,191,4.7
360,Truyen tranh,40,5
181,Van hoc,12,4.7
3281,Van hoc,453,4.8
3940,Van hoc,736,5
2802,Van hoc,0,0
1138,Van hoc,212,4.8
5688,Van hoc,1351,4.8
398,Tieu su - hoi ky,51,5
2176,Ki nang song,399,4.8
86,Van hoc,7,4.6
7154,Hoc tap,2407,4.8
891,Ki nang song,104,5
4960,Ki nang song,643,4.7
6839,Van hoc,640,5
1458,Van hoc,244,4.8
128,Tieu thuyet,21,5
183,Truyen tranh,13,5
911,Nghe thuat song dep,121,5
547,Van hoc,81,5
1988,Sach ki nang lam viec,340,4.8
325,Truyen tranh,37,5
1101,Van hoc,192,5
526,Van hoc thieu nhi,47,5
89,Truyen trinh tham,5,5
1291,Van hoc,231,5
3,Linh vuc khac,1,5
757,Van hoc,85,5
2792,Sach ki nang lam viec,366,5
147,Truyen tranh,9,5
1824,Van hoc,263,5
237,Sach lam cha me,18,5
118,Truyen tranh,8,5
1711,Nghe thuat song dep,259,4.8
1766,Nghe thuat song dep,242,4.8
5154,Nghe thuat song dep,350,5
648,Ki nang song,88,4.8
131,Truyen tranh,6,5
5235,Sach lam cha me,523,5
2614,Van hoc,376,4.8
1144,Kinh te,63,5
185,Truyen tranh,14,5
1968,Ki nang song,315,4.8
26282,Truyen dai,2043,5
1001,Ki nang song,125,4.8
218,Truyen tranh,15,5
166,Truyen tranh,11,5
7559,Van hoc,1903,4.8
5839,Tam ly hoc,1258,5
1710,Tam ly hoc,166,4.8
3786,Sach ki nang lam viec,645,4.8
1003,Sach ki nang lam viec,117,5
1349,Van hoc,158,5
249,Van hoc,32,5
213,Van hoc,14,5
1389,Ki nang song,197,5
98,Kinh te,21,4.7
53,Tieu thuyet,1,5
278,Truyen tranh,14,5
73,Van hoc,6,4.8
1071,Ki nang song,165,4.7
518,Truyen tranh,60,4.8
3139,Kinh te,299,4.8
987,Sach lam cha me,135,5
567,Kinh te ,58,5
200,Tieu thuyet,19,4.7
2162,Tam ly hoc,273,5
3273,Kinh te,636,4.8
194,Van hoc,25,5
1749,To mau - luyen chu  ,331,4.8
365,Truyen tranh,32,5
649,Tieu thuyet,50,4.6
3829,Van hoc,917,5
1105,Khoa hoc,188,5
82,Kinh te ,1,5
1361,Truyen ke cho be,154,5
1983,Van hoc,302,5
161,Truyen dam my,30,5
27867,Ki nang song,2236,4.8
2808,Sach lam cha me,473,5
1270,Truyen trinh tham,300,4.7
78,Truyen trinh tham,7,4.6
1869,Kinh te,301,5
236,Truyen trinh tham,32,5
615,Van hoc,86,4.8
591,Van hoc,83,5
97,Linh vuc khac,5,5
991,Ki nang song,139,5
8291,Ki nang song,1581,4.8
141,Linh vuc khac,14,4.6
6022,Hoc tap,810,4.8
378,Truyen dam my,96,4.8
2802,Ki nang song,0,0
911,Tieu thuyet,171,5
91,Van hoc,1,5
4656,Tieu thuyet,634,4.6
2624,Sach lam cha me,334,5
340,Hoc tap,61,4.7
210,Tieu thuyet,31,4.8
666,Truyen tranh,59,5
802,Truyen gia tuong - huyen bi - phieu luu,175,5
5489,Ki nang song,568,4.8
169,Truyen tranh,10,5
5353,Van hoc,564,4.8
1521,Van hoc thieu nhi,129,4.8
1841,Tieu su - hoi ky,228,5
122,Khoa hoc,16,5
18965,Ki nang song,2420,4.8
1351,Truyen trinh tham,312,4.7
11445,Khoa hoc ,1343,4.8
65,Linh vuc khac,4,4.8
34,Truyen tranh,4,5
45,Tieu thuyet,8,5
2802,Van hoc,0,0
2127,Kinh te ,213,4.8
1792,Khoa hoc,219,5
11,Tieu thuyet,5,4.8
10187,Van hoc,707,4.8
8054,"Sach quan tri, lanh dao",810,5
685,Tieu thuyet,95,5
2703,Ki nang song,478,4.8
3869,Van hoc,594,5
98,Linh vuc khac,8,4.6
2499,Truyen dai,277,4.8
5119,Linh vuc khac,836,5
1006,Linh vuc khac,138,5
15646,Van hoc ,572,4.6
3,Ki nang song,0,0
2447,Truyen tranh,584,5
415,Kien thuc - bach khoa,63,5
79,Truyen tranh,6,5
303,Truyen gia tuong - huyen bi - phieu luu,59,4.8
817,Truyen trinh tham,206,5
2124,Van hoc,371,5
1736,Truyen gia tuong - huyen bi - phieu luu,285,4.8
446,Van hoc,40,4.7
2957,Van hoc,406,4.7
237,Tieu thuyet,32,4.8
23606,Van hoc,5447,5
209,Truyen tranh,24,5
59734,Tieu su - hoi ky,2099,4.7
1574,Van hoc,257,4.8
4568,Khoa hoc,458,4.8
220,Truyen tranh,16,4.8
1472,Sach ki nang lam viec,239,5
2247,Truyen trinh tham,465,4.8
1473,Van hoc,187,5
280,Truyen tranh,33,5
434,Tieu thuyet,86,5
437,Truyen tranh,48,5
848,Tieu thuyet,37,4.8
2883,Van hoc,668,5
149,Truyen tranh,12,5
1496,Tam ly hoc,329,4.8
5252,Van hoc,597,4.8
1336,Tam ly hoc,142,4.8
153,Van hoc,15,5
46,Tieu thuyet,8,5
148,Kinh te,17,5
2672,Ki nang song,417,4.8
287,Truyen tranh,25,5
74,Truyen tranh,6,4.8
9,Kien thuc - bach khoa,0,0
683,Truyen tranh,109,5
160,Van hoc,24,5
1874,Van hoc,281,4.8
447,Tieu thuyet,35,4.8
167,Truyen dam my,40,5
1884,Linh vuc khac,314,4.8
3213,Ki nang song,206,4.8
2676,Ki nang song,395,4.8
99,Truyen dam my,18,5
55,Van hoc,5,5
513,Van hoc,88,5
84,Van hoc,3,5
1056,Van hoc,174,5
3458,Kinh te,721,4.8
1,Nghe thuat song dep,0,0
384,Sach ki nang lam viec,37,5
41,Ki nang song,5,5
5665,Van hoc,714,5
4169,Tam ly hoc,826,4.8
1724,Khoa hoc,337,5
239,Truyen tranh,37,5
67,Khoa hoc,3,4.3
262,Van hoc,24,5
749,Truyen trinh tham,148,5
14,Truyen tranh,1,5
4356,Kinh te,568,4.7
3,Nghe thuat song dep,0,0
223,Hoc tap,40,4.8
1889,Nghe thuat song dep,209,5
2,Kinh te,0,0
5750,Ki nang song,796,4.8
19,Linh vuc khac,0,0
2802,Van hoc,0,0
190,Truyen tranh,19,5
227,Truyen tranh,22,5
78,Truyen tranh,6,5
1050,Nghe thuat song dep,94,5
220,Van hoc,32,4.8
848,Truyen trinh tham,182,4.6
100,Truyen tranh,12,5
706,Van hoc thieu nhi,72,5
1332,Ki nang song,186,4.8
12588,Kinh te,1702,4.7
6370,Tieu thuyet,590,5
4057,Linh vuc khac,312,4.7
548,Tieu thuyet,22,4.3
171,Truyen gia tuong - huyen bi - phieu luu,18,5
170,Ki nang song,22,4.7
257,Truyen tranh,38,4.8
3107,Khoa hoc,461,4.7
816,Truyen dai,147,4.7
2802,Kinh te,0,0
1565,Nghe thuat song dep,187,5
3603,Ki nang song,297,4.8
15471,Kien thuc - bach khoa,1674,4.7
2312,Tieu su - hoi ky,367,4.8
2189,Truyen gia tuong - huyen bi - phieu luu,531,4.7
470,Van hoc,110,4.8
392,Linh vuc khac,52,5
437,Am thuc,47,5
1535,Kinh te,277,4.7
130,Tam ly hoc,5,3.8
290,Truyen tranh,30,5
86,Tieu thuyet,14,5
480,Truyen dam my,112,5
275,Kien thuc - bach khoa,23,4.7
205,Lich su the gioi,31,4.8
227,Van hoc,46,5
210,Truyen tranh,19,5
921,Tieu thuyet,210,5
2213,Truyen gia tuong - huyen bi - phieu luu,303,4.7
991,Tieu thuyet,118,4.8
470,Van hoc,84,5
2165,Kinh te ,389,4.8
4329,Ki nang song,197,4.6
16154,Tieu thuyet,4284,5
4579,Khoa hoc,815,5
10662,Kinh te,1740,4.8
117,Truyen tranh,7,5
3058,Tieu thuyet,747,4.6
804,Sach ki nang lam viec,91,5
1972,Khoa hoc,366,5
1354,Van hoc,209,5
1594,Tieu thuyet,134,5
565,Van hoc,64,5
2588,Ki nang song,358,4.8
181,Truyen trinh tham,8,4.8
1057,Van hoc,282,5
166,Nghe thuat song dep,13,5
35,Kien thuc - bach khoa,1,5
919,Nghe thuat song dep,162,5
5328,Hoc tap,971,4.8
23942,Van hoc,801,4.8
211,Linh vuc khac,19,5
826,Tieu thuyet,86,4.8
1012,Tam ly hoc,133,4.8
359,Ki nang song,32,5
908,Linh vuc khac,164,4.8
95,Van hoc,8,4.5
1161,Van hoc,153,4.8
261,Tieu thuyet,53,4.7
1347,Linh vuc khac,291,4.8
148,Van hoc,25,5
149,Linh vuc khac,19,5
549,Ki nang song,65,4.7
265,Ki nang song,19,4.7
1959,Ki nang song,346,4.8
8204,Van hoc,874,4.8
705,Truyen tranh,75,5
4529,Tieu thuyet,496,4.8
264,Tieu thuyet,43,5
12151,Kinh te ,945,4.7
1568,Kinh te ,299,5
275,Truyen trinh tham,53,4.8
144,Van hoc,20,5
12750,Kinh te,2191,4.8
2161,Van hoc,366,4.8
269,Linh vuc khac,29,5
4593,"Sach quan tri, lanh dao",460,5
555,Tieu su - hoi ky,64,5
2221,Truyen trinh tham,226,4.7
4278,Van hoc,616,4.8
1406,Hoc tap,170,5
1722,Kien thuc - bach khoa,64,5
476,Khoa hoc,152,4.6
183,Truyen tranh,28,5
3841,Hoc tap,534,4.8
1064,Truyen tranh,187,5
2087,Ki nang song,441,4.8
42,To mau - luyen chu  ,2,5
196,Lich su the gioi,16,5
135,Van hoc,8,4.5
463,Van hoc,61,4.7
381,Ki nang song,32,4.8
486,Truyen tranh,63,4.7
838,Kien thuc - bach khoa,122,5
1312,Tam ly hoc,237,4.8
44,Kien thuc - bach khoa,5,5
1278,Tieu thuyet,300,4.8
1692,Tieu thuyet,121,4.8
2545,Truyen tranh,291,4.8
254,Truyen tranh,22,4.8
724,Khoa hoc,81,5
51,Truyen tranh,7,5
593,Ki nang song,111,4.8
12,Hoc tap,6,5
47,Linh vuc khac,2,5
1152,Van hoc,125,4.8
168,Van hoc,9,4.8
374,Van hoc,54,4.8
1097,Ki nang song,167,4.8
7777,Kinh te,874,4.8
69,Tieu thuyet,21,4.8
6492,Van hoc,1633,4.8
13,Truyen ke cho be,0,0
214,Truyen dam my,43,5
213,Van hoc,45,5
5649,Hoc tap,901,4.8
1590,Nghe thuat song dep,194,5
250,Van hoc,35,5
5664,Hoc tap,940,4.8
175,Truyen dam my,50,5
1509,Truyen tranh,269,4.8
3,Tam ly hoc,1,5
2060,Kinh te,376,4.8
2802,Van hoc,0,0
24852,Sach lam cha me,864,4.7
746,Ki nang song,111,4.8
353,Truyen gia tuong - huyen bi - phieu luu,103,4.7
1482,Tieu thuyet,255,4.7
32331,Van hoc,5255,4.7
7525,Kien thuc - bach khoa,1301,4.8
2031,Khoa hoc,324,4.8
9562,Truyen gia tuong - huyen bi - phieu luu,1438,4.7
43,Tieu su - hoi ky,2,5
139,Tieu thuyet,15,5
2706,Truyen tranh,466,5
2427,Van hoc,351,4.7
19765,Truyen dai,1382,4.8
1073,Sach lam cha me,129,4.8
237,Ki nang song,19,5
404,Van hoc,86,4.8
2043,Ki nang song,208,4.7
448,Kinh te ,46,4.8
33,Truyen tranh,1,5
4354,Hoc tap,806,4.7
80,Truyen tranh,3,5
729,Ki nang song,90,4.8
729,Linh vuc khac,77,5
151,Lich su the gioi,34,5
98,Ki nang song,6,4.3
2802,Tieu thuyet,0,0
34,Tieu thuyet,9,4.8
608,Ki nang song,87,4.7
291,Van hoc,23,5
24,Hoc tap,5,5
39,Truyen ke cho be,2,5
6,Van hoc,0,0
350,Truyen dam my,85,5
120,Truyen tranh,14,5
164,Truyen dai,19,5
168,Linh vuc khac,16,4.8
1089,Linh vuc khac,262,4.8
104,Kinh te,5,5
282,Kien thuc - bach khoa,48,4.8
498,Kien thuc - bach khoa,60,4.8
5784,Khoa hoc,769,4.8
13478,Ki nang song,1193,4.6
1685,Kinh te,313,4.8
50,Truyen tranh,4,5
77,To mau - luyen chu  ,6,5
1940,Van hoc,187,4.8
1107,Van hoc thieu nhi,183,4.8
781,Kinh te ,154,4.8
571,Khoa hoc,47,4.8
1628,Truyen tranh,385,5
3824,Nghe thuat song dep,443,4.8
3365,Kinh te ,623,4.8
302,Truyen ke cho be,33,5
232,Van hoc,18,5
6465,Truyen tranh,1025,4.8
259,Van hoc,25,5
929,Van hoc,124,5
1,Truyen gia tuong - huyen bi - phieu luu,0,0
996,Ki nang song,130,5
626,Tieu thuyet,40,4.5
8535,Van hoc,626,4.8
373,Van hoc,48,5
99,Hoc tap,32,5
116,Truyen tranh,9,5
4708,Sach lam cha me,514,5
21,Sach ki nang lam viec,3,5
168,Lich su the gioi,17,4.8
63,Kinh te,4,3.8
178,Truyen tranh,21,4.8
4319,Truyen tranh,781,5
404,Kinh te,17,5
1129,Hoc tap,254,4.8
660,Linh vuc khac,81,5
260,Van hoc,45,4.8
160,Sach ki nang lam viec,11,5
2012,Truyen tranh,203,5
64,Truyen tranh,9,4.7
7306,Ki nang song,1575,4.8
429,Kien thuc - bach khoa,52,4.8
2174,Khoa hoc,315,5
395,Truyen trinh tham,100,5
20735,Van hoc,2760,4.7
347,Sach ki nang lam viec,38,5
1793,Nghe thuat song dep,281,4.8
181,Linh vuc khac,24,4.8
954,Truyen gia tuong - huyen bi - phieu luu,178,4.8
6645,Kinh te,730,4.8
1157,Kinh te,116,5
296, Kien thuc - bach khoa,42,4.5
410,Truyen tranh,43,5
1655,Van hoc,206,4.8
94,Nghe thuat song dep,5,5
3866,Ki nang song,253,4.8
2802,Kinh te ,0,0
849,Tieu thuyet,299,5
33,Truyen tranh,3,5
1043,Kien thuc - bach khoa,120,5
281,Hoc tap,61,5
36,Hoc tap,1,5
1429,Van hoc,221,5
507,Sach ki nang lam viec,61,5
700,Tieu thuyet,119,4.8
2546,Khoa hoc,487,4.8
1125,Truyen gia tuong - huyen bi - phieu luu,310,5
10,Truyen tranh,0,0
10,Truyen tranh,0,0
1589,Khoa hoc,234,5
787,Van hoc,107,4.8
394,Linh vuc khac,89,4.8
687,Kien thuc - bach khoa,107,4.6
8207,Sach ki nang lam viec,1064,4.7
247,Nghe thuat song dep,27,5
2146,Van hoc,364,5
1451,Truyen ke cho be,149,5
451,Van hoc,102,5
229,Van hoc,45,5
5,Tieu thuyet,1,4
815,Linh vuc khac,94,5
7099,Khoa hoc,462,4.7
480,Truyen ke cho be,78,4.8
1196,Tieu thuyet,276,5
78,Truyen tranh,9,4.6
1872,Hoc tap,490,4.8
305,Kinh te,51,5
34,Tieu thuyet,10,4.2
1178,Van hoc,195,4.8
970,Khoa hoc,110,4.8
2802,Khoa hoc,0,0
2344,Van hoc,579,4.8
895,Truyen tranh,64,4.7
7445,Linh vuc khac,1893,4.8
343,Truyen tranh,31,5
2,Van hoc,0,0
4779,Linh vuc khac,405,4.7
228,Van hoc,27,4.6
49,Ki nang song,5,5
39,Van hoc,2,5
193,To mau - luyen chu  ,21,5
68,Kinh te,1,5
30,Kinh te,11,5
3709,Van hoc,656,5
4057,Khoa hoc,1037,5
259,Linh vuc khac,11,5
2699,Van hoc,351,4.8
264,Sach ki nang lam viec,34,5
976,Khoa hoc,255,5
119,Ki nang song,10,4.8
20,Van hoc,8,4.8
2802,Tam ly hoc,0,0
1,Khoa hoc,0,0
165,Tam ly hoc,41,5
153,Khoa hoc,33,4.8
2693,Hoc tap,611,4.8
262,Kinh te ,25,5
5906,Van hoc thieu nhi,713,5
251,Kien thuc - bach khoa,5,5
964,Kien thuc - bach khoa,165,4.8
22,Truyen tranh,0,0
527,Truyen trinh tham,93,5
2802,Kinh te,0,0
1599,Khoa hoc,279,5
1191,Hoc tap,163,5
64,To mau - luyen chu  ,4,5
356,Truyen dai,48,5
652,Van hoc,122,5
810,Van hoc,142,4.8
544,Tieu thuyet,101,4.8
4325,Kinh te,666,4.7
7,Tieu thuyet,0,0
215,Truyen dai,22,5
293,Kien thuc - bach khoa,37,5
217,Tieu thuyet,30,4.8
571,Kinh te ,77,5
117,Tam ly hoc,12,4.6
41,Linh vuc khac,5,5
911,Truyen dai,117,5
17,Van hoc thieu nhi,1,5
3004,Van hoc,631,4.7
126,Truyen dam my,20,5
5295,Hoc tap,1305,5
2294,Kinh te,243,4.8
8122,Sach ki nang lam viec,749,4.7
320,Truyen tranh,32,5
2463,Nghe thuat song dep,214,4.8
3017,Sach ki nang lam viec,243,4.7
1515,Van hoc,168,5
156,Van hoc,18,4.8
60,Truyen tranh,1,5
336,Tieu thuyet,44,5
5422,Linh vuc khac,880,4.7
61,Truyen tranh,8,5
93,Truyen dai,12,5
1446,Hoc tap,418,5
293,Truyen tranh,71,5
3111,Khoa hoc,505,5
1411,Truyen tranh,204,5
709,Nghe thuat song dep,41,5
1519,Kinh te ,173,4.8
35,Tieu thuyet,5,4.8
3689,Kinh te,512,4.7
47,Sach ki nang lam viec,0,0
1204,Kinh te,132,4.8
236,Hoc tap,41,4.8
2802,Van hoc,0,0
59,Hoc tap,6,5
365,Hoc tap,69,5
1646,Hoc tap,108,5
336,Sach ki nang lam viec,40,5
515,Hoc tap,76,4.7
172,Truyen tranh,16,5
8362,Kien thuc - bach khoa,2082,4.8
42,Sach ki nang lam viec,4,5
152,Lich su the gioi,17,5
267,Truyen tranh,28,5
19696,Truyen dai,1597,4.8
1311,Tieu thuyet,326,4.8
1134,Van hoc,277,4.8
12,Truyen trinh tham,0,0
20,Truyen dai,2,5
1170,Nghe thuat song dep,252,5
557,Kinh te,88,5
21,Tieu thuyet,1,5
6400,Nghe thuat song dep,217,4.7
2550,Truyen tranh,401,5
171,Van hoc,50,4.8
2091,Linh vuc khac,263,4.8
2114,Sach ki nang lam viec,171,4.8
210,Khoa hoc,25,5
557,Truyen tranh,66,5
14,Linh vuc khac,0,0
911,Kien thuc - bach khoa,91,5
251,Truyen tranh,31,5
544,Truyen dai,154,5
1759,Truyen trinh tham,361,4.7
1039,Van hoc,306,4.8
2130,Ki nang song,284,5
1745,Hoc tap,306,5
165,Sach ki nang lam viec,8,5
3207,Sach ki nang lam viec,473,4.7
436,Truyen gia tuong - huyen bi - phieu luu,67,4.7
575,Tieu thuyet,9,5
215,Van hoc,41,4.8
239,Tieu su - hoi ky,43,5
311,Ki nang song,50,5
382,Kinh te ,54,4.8
512,Truyen tranh,121,5
63,Van hoc,3,5
292,Sach lam cha me,19,4.6
324,Van hoc,13,4.5
174,Truyen tranh,52,5
5100,Linh vuc khac,1140,4.7
572,Kinh te,74,4.7
276,Ki nang song,24,5
508,Tam ly hoc,62,5
204,To mau - luyen chu  ,22,5
36933,Sach lam cha me,671,4.7
101,Kinh te,6,4.8
542,Tieu su - hoi ky,78,4.8
302,Ki nang song,36,5
231,Truyen tranh,33,5
282,Truyen tranh,44,5
28,Van hoc,5,5
56,Hoc tap,0,0
1834,Truyen tranh,397,5
164,Hoc tap,20,5
69,Truyen gia tuong - huyen bi - phieu luu,24,5
181,Nghe thuat song dep,20,5
273,Tieu thuyet,11,4.5
207,Ki nang song,30,5
1577,Lich su the gioi,239,5
534,Van hoc,99,5
481,Van hoc,66,4.8
236,Ki nang song,19,4.8
359,Truyen trinh tham,68,4.7
91,Van hoc,10,5
736,Khoa hoc,134,5
4663,Nghe thuat song dep,742,5
440,Truyen tranh,35,5
239,Truyen tranh,34,5
3309,Hoc tap,363,4.7
284,Khoa hoc,37,4.8
204,Khoa hoc,17,5
351,Van hoc,54,5
82,Ki nang song,6,4.7
87,Truyen dai,5,5
181,Van hoc,21,4.8
166,Van hoc,18,5
2953,Van hoc,302,5
462,Hoc tap,91,5
728,Tieu thuyet,43,4.8
840,Truyen gia tuong - huyen bi - phieu luu,218,4.8
41,Khoa hoc,1,5
1701,Ki nang song,273,5
219,Truyen trinh tham,19,4.7
6647,Van hoc,824,5
785,Sach ki nang lam viec,82,4.8
69,Truyen tranh,12,4.2
830,Tieu thuyet,141,4.7
2657,Van hoc,627,4.7
598,Kinh te ,56,4.6
453,Nghe thuat song dep,66,5
333,Hoc tap,47,5
202,Kinh te,9,5
8308,Van hoc,425,4.8
1098,Hoc tap,172,5
400,Tam ly hoc,57,5
2,Ki nang song,0,0
365,Truyen tranh,42,4.8
535,Van hoc thieu nhi,103,4.8
181,Truyen tranh,24,5
1730,Tam ly hoc,114,4.8
155,Truyen tranh,13,5
230,Truyen tranh,20,5
171,Hoc tap,22,5
146,Tieu thuyet,13,4.8
345,Truyen dai,58,5
246,Truyen ke cho be,22,5
791,Truyen tranh,83,5
43,To mau - luyen chu  ,3,5
2267,Kinh te,295,4.7
24,To mau - luyen chu  ,1,5
370,Kinh te,71,4.8
1616,Sach ki nang lam viec,140,4.7
395,Kien thuc - bach khoa,52,5
84,Tam ly hoc,3,4.7
983,Ki nang song,222,5
710,Kien thuc - bach khoa,90,5
2918,Linh vuc khac,323,5
36,Khoa hoc,1,5
238,Truyen tranh,14,5
698,Khoa hoc,72,4.8
1112,Kinh te,164,4.8
15,Linh vuc khac,0,0
855,Van hoc,172,4.8
22,Tieu thuyet,1,5
7352,Van hoc,1346,4.8
268,Tieu thuyet,45,4.8
3591,Hoc tap,425,4.8
1964,Van hoc,339,4.8
314,Tieu thuyet,61,5
11221,Sach ki nang lam viec,1737,4.8
593,Nghe thuat song dep,86,4.8
67,Kinh te,4,5
14144,Tam ly hoc,909,4.7
316,Van hoc,50,5
118,Van hoc,13,4.7
1789,Nghe thuat song dep,300,5
852,Van hoc thieu nhi,115,5
2362,Kinh te,365,4.8
1853,Truyen tranh,273,4.8
304,Hoc tap,66,4.6
427,Hoc tap,80,4.7
366,Van hoc,62,5
119,Tieu thuyet,20,5
2659,Linh vuc khac,171,5
885,Hoc tap,250,4.8
273,Linh vuc khac,35,5
11,Van hoc,0,0
8782,Tieu thuyet,764,4.8
1333,Nghe thuat song dep,181,5
6872,Ki nang song,866,4.7
1837,Truyen dai,501,5
66,Van hoc,9,4.5
1036,Sach lam cha me,138,5
9337,Van hoc,884,4.8
5424,Khoa hoc,532,4.7
10695,Kien thuc - bach khoa,1744,4.8
774,Truyen dai,181,4.8
1065,Truyen dai,198,5
339,Hoc tap,62,4.8
4,Tieu thuyet,1,5
229,Van hoc,9,5
35,Van hoc,4,5
251,Truyen tranh,40,5
917,Sach lam cha me,124,4.8
15571,Ki nang song,2808,5
222,Truyen tranh,26,5
1,Truyen tranh,0,0
1198,Kinh te,9,4.6
8401,Kinh te,900,4.6
4497,Kinh te,547,4.8
132,"Sach quan tri, lanh dao",13,4.8
4480,Sach lam cha me,257,5
2802,Tam ly hoc,0,0
1585,Ki nang song,210,4.8
1,Sach ki nang lam viec,0,0
24,Van hoc,2,5
2908,Truyen trinh tham,795,4.7
1310,Van hoc,407,4.7
173,Van hoc,22,4.8
1843,Hoc tap,465,5
58,Tieu thuyet,9,4.7
992,Tieu thuyet,63,4.7
432,Van hoc,58,5
130,Van hoc,13,4.7
1576,Van hoc,308,5
6721,Kinh te,919,4.8
169,Truyen dai,13,5
2,Khoa hoc,0,0
708,Van hoc,127,4.8
79,Nghe thuat song dep,3,5
12,Tam ly hoc,1,5
917,Khoa hoc,143,4.7
5986,Sach ki nang lam viec,956,4.8
145,Sach ki nang lam viec,12,4.3
2436,Sach ki nang lam viec,350,4.8
2802,Kien thuc - bach khoa,0,0
230,Van hoc,23,4.8
320,Van hoc,89,4.8
311,Truyen tranh,40,5
300,Truyen tranh,45,5
305,Van hoc,11,5
1580,Van hoc,212,5
1655,Van hoc,393,5
145,Ki nang song,16,4.8
3392,Truyen tranh,722,5
700,Tieu su - hoi ky,155,5
36,Van hoc,5,4
108,Tieu su - hoi ky,5,5
2802,Tieu thuyet,0,0
41,Am thuc ,2,5
316,Nghe thuat song dep,49,5
381,Kinh te,52,5
159,Tieu thuyet,19,4.6
36,Hoc tap,4,3.8
1298,Nghe thuat song dep,197,4.8
344,Van hoc,72,4.8
2909,Tieu thuyet,363,4.7
631,Van hoc,135,4.8
54,Van hoc,8,4.6
18,Ki nang song,2,5
7,Van hoc,4,4.3
257,Khoa hoc,24,5
3099,Tieu thuyet,322,4.8
173,Tam ly hoc,35,5
445,Tieu thuyet,81,5
1587,Khoa hoc,167,5
23,Van hoc thieu nhi,7,5
1230,Ki nang song,125,5
463,Truyen tranh,48,5
381,Van hoc,102,4.8
93,Tieu thuyet,20,5
68,Truyen trinh tham,7,5
2374,Sach ki nang lam viec,339,5
538,Van hoc,116,5
4337,Kinh te,395,4.8
429,Tieu su - hoi ky,75,5
728,Tieu su - hoi ky,80,5
113,Van hoc,11,5
682,Linh vuc khac,97,4.7
2802,Kinh te ,0,0
2108,Sach ki nang lam viec,71,3.9
788,Van hoc,167,5
185,Truyen trinh tham,52,4.8
213,Tieu thuyet,58,5
1124,Truyen dai,325,4.7
1290,Tieu thuyet,156,4.8
419,Tieu thuyet,89,5
640,Linh vuc khac,89,5
47,Kien thuc - bach khoa,3,4.7
353,Van hoc,84,4.6
3385,Am thuc ,630,4.8
280,Truyen dai,2,5
4519,Nghe thuat song dep,620,5
123,Sach ki nang lam viec,7,5
217,Truyen tranh,28,5
5160,Van hoc,767,4.8
43,Truyen gia tuong - huyen bi - phieu luu,4,5
3417,Van hoc,203,4.7
121,Van hoc,9,5
14,To mau - luyen chu  ,0,0
278,Tieu thuyet,10,4.7
130,Lich su the gioi,16,5
517,Kinh te,85,4.7
42,Van hoc,4,5
409,Hoc tap,73,5
110,Linh vuc khac,13,5
172,Sach lam cha me,24,4.8
668,Van hoc thieu nhi,119,5
2939,Truyen tranh,568,5
8269,Van hoc,349,4.7
218,Nghe thuat song dep,13,5
2802,Kien thuc - bach khoa,0,0
403,Khoa hoc,62,4.8
416,To mau - luyen chu  ,42,5
258,To mau - luyen chu  ,34,5
644,Kinh te ,97,4.8
230,Truyen tranh,32,5
472,Linh vuc khac,90,4.8
230,Van hoc,34,5
154,Hoc tap,25,4.8
282,Sach lam cha me,30,5
2802,Hoc tap,0,0
486,Tieu thuyet,64,5
6346,Van hoc,1008,4.8
374,Tieu thuyet,96,5
3056,Ki nang song,669,4.8
1110,Truyen dai,248,5
2722,Van hoc,689,4.7
809,Linh vuc khac,180,5
1390,Sach ki nang lam viec,81,4.6
579,Hoc tap,83,5
342,Linh vuc khac,43,4.8
1178,Hoc tap,277,4.8
3463,Kinh te,757,5
199,Truyen tranh,25,5
462,Tieu thuyet,105,5
68,Truyen tranh,8,5
19588,Van hoc,697,4.7
561,Truyen tranh,75,5
208,Nghe thuat song dep,18,4.8
219,Kien thuc - bach khoa,12,4.8
1187,Van hoc thieu nhi,197,5
5867,Sach ki nang lam viec,498,4.8
84,To mau - luyen chu  ,7,5
366,Nghe thuat song dep,62,5
9,Triet ly song,4,5
1992,Truyen ke cho be,182,5
3,Van hoc,0,0
277,Tieu su - hoi ky,32,5
160,Kinh te,6,5
1455,Truyen tranh,233,5
227,Sach ki nang lam viec,17,4.6
295,Van hoc,77,4.8
21,Van hoc,0,0
784,Truyen trinh tham,74,4.7
1768,Kinh te ,213,4.8
2802,Tieu thuyet,0,0
256,Truyen trinh tham,40,5
693,Ki nang song,76,4.8
230,Tieu thuyet,39,5
9,Kinh te,1,5
22,Tieu thuyet,7,4.6
681,Hoc tap,148,5
4095,Kinh te,274,5
71,Khoa hoc,7,4.5
5166,Khoa hoc,614,4.8
11,Van hoc,4,5
566,Tieu thuyet,32,4.5
953,Truyen trinh tham,223,4.8
74,Kien thuc - bach khoa,7,5
1334,Van hoc,282,4.8
9627,Van hoc,736,4.7
14434,Hoc tap,2636,4.8
211,Truyen tranh,28,5
24,Ki nang song,1,5
884,Truyen tranh,264,5
651,Tam ly hoc,91,4.8
273,Ki nang song,14,5
399,Truyen tranh,66,4.8
291,Hoc tap,57,4.8
3159,Hoc tap,516,4.8
821,Hoc tap,128,4.8
324,Hoc tap,50,5
8,Linh vuc khac,0,0
782,Linh vuc khac,103,4.8
65,Van hoc,9,5
84,Kien thuc - bach khoa,4,5
646,Hoc tap,106,4.8
22,Van hoc thieu nhi,0,0
239,Tieu thuyet,12,3.9
986,Hoc tap,287,4.8
29,Truyen tranh,4,5
214,Truyen tranh,27,5
843,Kinh te,93,4.8
105,Truyen gia tuong - huyen bi - phieu luu,12,5
282,Truyen dai,71,5
378,Linh vuc khac,41,4.8
224,Truyen tranh,19,4.8
1097,Truyen tranh,197,5
97,Van hoc,14,4.7
2118,Truyen trinh tham,617,4.7
337,Ki nang song,34,4.6
2802,Tieu thuyet,0,0
30,Linh vuc khac,0,0
1321,Sach lam cha me,138,5
75,Kinh te,8,5
608,Am thuc ,119,4.7
49,Truyen tranh,6,5
24,Hoc tap,2,5
228,Truyen dai,67,4.8
93,Van hoc,11,4.8
66,Van hoc,11,5
247,Ki nang song,23,5
250,Van hoc,24,4.8
537,Tieu thuyet,110,5
448,Sach ki nang lam viec,60,4.7
414,Nghe thuat song dep,47,5
162,Van hoc,37,5
276,Van hoc,58,4.8
111,Kinh te ,7,5
18054,Tieu thuyet,616,4.6
109,Van hoc,11,4.6
286,Kinh te,45,4.8
22,Lich su the gioi,6,5
105,Ki nang song,17,4.6
1075,"Sach quan tri, lanh dao",191,5
54,Kien thuc - bach khoa,10,4.8
2841,Tieu thuyet,171,5
3707,Kinh te,601,5
20,Van hoc,1,5
205,Tieu thuyet,39,4.8
255,Truyen tranh,22,5
165,Kinh te ,14,4.7
1574,Kinh te ,309,5
9,Kien thuc - bach khoa,0,0
220,Linh vuc khac,19,4.8
63,Tieu thuyet,8,5
20,Hoc tap,1,5
238,Nghe thuat song dep,45,5
329,Kinh te,51,4.8
2,Linh vuc khac,0,0
720,Ki nang song,105,4.8
5710,Sach ki nang lam viec,246,4.8
118,Van hoc,16,4.6
1047,Hoc tap,222,4.8
3709,Van hoc,382,4.8
73,Kinh te ,12,4.5
222,To mau - luyen chu  ,20,5
661,Kinh te,160,4.8
706,Kinh te,122,4.8
53,Kinh te,10,4.8
791,Hoc tap,213,4.6
242,Tieu thuyet,85,5
2204,Kinh te ,243,4.7
117,Ki nang song,11,5
214,Van hoc,36,5
221,Truyen trinh tham,45,4.6
5,Tieu thuyet,1,5
14,Truyen tranh,0,0
172,Van hoc,13,5
2267,Van hoc,693,4.8
948,Truyen gia tuong - huyen bi - phieu luu,168,5
5671,Khoa hoc,1246,4.8
5598,Hoc tap,803,4.7
15,Truyen ke cho be,1,5
939,Kien thuc - bach khoa,172,4.8
2117,Hoc tap,278,4.8
1530,Truyen dai,225,4.8
502,Tieu su - hoi ky,81,4.8
308,Van hoc,56,4.7
1598,Nghe thuat song dep,292,4.8
397,Tieu thuyet,150,5
821,Kinh te,106,4.8
84,Van hoc,3,4
12,Kien thuc - bach khoa,1,5
38,Linh vuc khac,4,5
1166,Khoa hoc,166,4.8
315,Tieu thuyet,64,4.6
850,Linh vuc khac,183,5
171,Van hoc,32,4.8
240,Truyen tranh,21,5
250,Van hoc,25,4.6
63,Van hoc,1,5
1,Linh vuc khac,1,5
666,Tieu thuyet,173,5
18,Kien thuc - bach khoa,1,5
55,Hoc tap,17,5
133,Sach lam cha me,33,5
1983,Kinh te,275,4.7
159,Hoc tap,45,5
418,Truyen tranh,33,5
4204,Khoa hoc,847,4.8
95,Ki nang song,10,5
2802,Ki nang song,0,0
206,Truyen tranh,16,5
382,Hoc tap,75,4.8
66,Sach ki nang lam viec,2,5
91,Van hoc,5,4.5
1188,Van hoc,124,4.8
566,Nghe thuat song dep,103,5
1544,Hoc tap,140,4.8
137,Hoc tap,31,4.7
842,Van hoc,138,4.8
483,"Sach quan tri, lanh dao",86,5
105,Hoc tap,9,5
127,Truyen dam my,35,5
784,Truyen trinh tham,149,5
297,Tieu thuyet,55,4.8
221,Truyen tranh,19,5
2912,Truyen tranh,872,5
1216,Truyen tranh,312,4.8
1,Van hoc thieu nhi,0,0
3711,Tam ly hoc,170,4.5
508,Sach lam cha me,51,4.8
484,Linh vuc khac,59,4.8
2802,Linh vuc khac,0,0
9980,Sach ki nang lam viec,604,5
32,Hoc tap,2,5
454,Hoc tap,77,5
420,Truyen tranh,40,5
2271,Van hoc,97,4.5
1286,Sach ki nang lam viec,205,4.8
1389,Hoc tap,278,5
532,Van hoc,97,4.8
9,Kinh te,2,5
371,Linh vuc khac,48,4.8
100,Van hoc,8,5
491,Truyen tranh,49,5
536,Van hoc,81,5
4155,Tam ly hoc,441,5
389,Kien thuc - bach khoa,50,5
1,Sach ki nang lam viec,0,0
950,Kinh te,127,4.6
171,"Sach quan tri, lanh dao",22,5
283,Truyen dai,27,5
1032,Kinh te,203,4.8
706,Sach ki nang lam viec,85,4.7
413,Truyen dai,123,5
865,Truyen gia tuong - huyen bi - phieu luu,218,4.7
7366,Ki nang song,1971,4.7
2418,Van hoc thieu nhi,903,5
39,Van hoc,1,5
584,Truyen dai,136,5
3379,"Sach quan tri, lanh dao",470,4.8
217,Truyen tranh,26,5
1,Sach ki nang lam viec,0,0
1879,Truyen tranh,753,5
918,Truyen tranh,112,5
194,Kinh te,31,4.7
1040,Truyen tranh,133,4.8
159,Khoa hoc,31,4.7
686,Linh vuc khac,119,4.8
408,Van hoc,81,5
1165,Khoa hoc,303,5
571,"Sach quan tri, lanh dao",88,4.7
219,Kien thuc - bach khoa,17,4.7
47,Truyen gia tuong - huyen bi - phieu luu,4,4.8
352,Kinh te ,49,4.7
115,Truyen tranh,14,5
3763,Sach ki nang lam viec,184,4.7
324,Ki nang song,44,4.5
345,Van hoc,53,5
741,Tieu thuyet,177,5
226,Truyen gia tuong - huyen bi - phieu luu,67,4.7
738,Kinh te,98,4.8
183,Sach ki nang lam viec,18,4.7
1505,Truyen dai,221,5
2867,Khoa hoc,263,4.7
1028,Truyen trinh tham,300,5
340,Ki nang song,22,5
2378,Van hoc,540,5
1119,Kien thuc - bach khoa,25,4.3
365,Nghe thuat song dep,65,4.8
16,Van hoc,1,5
46,Lich su the gioi,6,4.7
604,Tam ly - gia dinh - xa hoi,93,5
32,Van hoc,1,5
636,Linh vuc khac,79,5
1271,Truyen gia tuong - huyen bi - phieu luu,191,4.7
137,Truyen dai,27,5
900,Hoc tap,248,5
102,Linh vuc khac,6,4.7
637,Truyen tranh,65,5
1427,Linh vuc khac,51,5
5789,Hoc tap,946,4.8
26,"Sach quan tri, lanh dao",3,3.7
4376,Hoc tap,560,4.8
1090,Kien thuc - bach khoa,209,4.7
1001,Kinh te ,141,4.8
78,Lich su the gioi,16,5
103,Sach lam cha me,2,5
2802,Tieu thuyet,0,0
108,Hoc tap,9,5
242,Van hoc thieu nhi,65,4.5
50,Tam ly hoc,2,5
52,Tieu thuyet,5,4.6
171,Ki nang song,46,5
2088,Kinh te,273,4.8
159,Hoc tap,38,4.8
461,Linh vuc khac,120,4.5
552,Van hoc,109,5
13288,Hoc tap,3124,4.8
15,Lich su the gioi,0,0
552,Tam ly hoc,94,4.8
547,Tieu thuyet,20,4.1
134,Van hoc,19,5
125,Truyen gia tuong - huyen bi - phieu luu,19,5
31302,Truyen dai,1007,4.8
132,Am thuc,9,5
483,Van hoc,72,4.8
134,Ki nang song,12,5
1932,Van hoc,314,4.8
642,"Sach quan tri, lanh dao",58,5
219,Truyen tranh,28,5
71,Van hoc,7,5
127,Van hoc,13,4.8
738,Kien thuc - bach khoa,169,5
18,Tieu su - hoi ky,5,3.8
275,Truyen ke cho be,5,4.6
1219,Truyen ke cho be,185,4.7
1627,Hoc tap,218,5
1090,Hoc tap,344,5
2058,Kien thuc - bach khoa,245,4.8
54,Van hoc,3,5
901,Truyen ke cho be,153,4.8
261,Truyen tranh,27,5
180,Van hoc,22,5
116,Van hoc,12,5
15,Truyen gia tuong - huyen bi - phieu luu,7,4.7
117,Van hoc,17,4.7
1210,Truyen tranh,505,4.6
24,Hoc tap,4,5
51,Tieu thuyet,16,5
871,Ki nang song,169,5
1064,Truyen tranh,98,5
4644,Hoc tap,1201,5
623,Tieu thuyet,138,4.8
688,Truyen trinh tham,182,4.8
934,Linh vuc khac,190,4.8
345,Linh vuc khac,27,5
2802,Kinh te,0,0
66,Truyen dam my,20,4.7
323,Hoc tap,69,5
1541,Truyen dai,330,5
16,Kinh te,1,5
22,To mau - luyen chu  ,3,5
3032,Van hoc,622,5
6540,Khoa hoc,1003,4.8
498,"Sach quan tri, lanh dao",58,4.8
148,Lich su the gioi,18,4.8
68,Tieu thuyet,26,4.8
3391,Khoa hoc,545,5
1792,Van hoc,230,4.8
2802,Sach ki nang lam viec,0,0
2821,Kinh te,523,4.8
335,Linh vuc khac,63,4.8
388,Tieu thuyet,148,5
136,Van hoc,16,5
434,Am thuc,81,4.8
38,Truyen tranh,1,5
9,Sach ki nang lam viec,0,0
382,"Sach quan tri, lanh dao",35,4.5
1879,Linh vuc khac,181,4.6
306,Linh vuc khac,28,4.6
257,Truyen tranh,27,5
213,Kinh te,48,5
146,Nghe thuat song dep,12,5
1643,Truyen dai,555,4.6
1876,Truyen trinh tham,554,4.8
985,Tam ly hoc,276,5
1826,Van hoc,295,5
253,Am thuc,30,5
561,Van hoc,139,4.8
2873,Truyen dai,667,5
337,Van hoc,60,4.8
1757,Kinh te,30,4.5
175,Truyen dam my,42,5
294,Tieu thuyet,66,5
844,Van hoc,125,5
1344,Tieu thuyet,345,5
31,Truyen ke cho be,1,5
5842,Nghe thuat song dep,574,4.8
2802,Van hoc thieu nhi,0,0
832,Kinh te ,104,4.5
65,Linh vuc khac,4,5
194,Khoa hoc,24,4.7
4938,Sach ki nang lam viec,1008,4.8
614,Kinh te,130,5
13,Truyen trinh tham,1,5
101,Kien thuc - bach khoa,11,5
22,Truyen dai,7,5
3817,Hoc tap,348,4.8
153,Linh vuc khac,20,5
811,Kinh te,163,4.8
156,Truyen tranh,12,5
75,Tam ly hoc,4,5
171,Ki nang song,31,4.8
1315,Hoc tap,181,4.8
725,Nghe thuat song dep,150,4.8
83,Ki nang song,13,5
47,Ki nang song,7,4.3
54,Hoc tap,7,4.3
30,Van hoc thieu nhi,1,5
31,Sach lam cha me,0,0
197,Hoc tap,2,5
401,Tieu thuyet,104,4.8
29,Van hoc,2,5
74,Van hoc thieu nhi,11,4.6
3728,Truyen trinh tham,281,4.6
9,Kinh te,1,1
242,Truyen tranh,20,5
1679,Kien thuc - bach khoa,441,5
4,Tieu thuyet,0,0
63,Van hoc,2,5
277,Truyen trinh tham,49,5
268,Truyen tranh,32,5
391,Tieu thuyet,65,4.8
1050,Van hoc,44,4.8
44,Hoc tap,9,5
306,Sach lam cha me,27,5
104,Van hoc,13,5
1033,Sach ki nang lam viec,167,4.7
104,Kinh te,10,5
1034,Tam ly hoc,203,4.8
4816,Kinh te,307,4.7
9776,Sach ki nang lam viec,550,4.7
417,Hoc tap,15,4.5
447,Sach lam cha me,57,5
37,Tam ly hoc,3,5
298,Tieu thuyet,47,4.8
4124,Van hoc,418,4.7
18,Ki nang song,0,0
1500,Van hoc,254,4.8
942,Kien thuc - bach khoa,164,4.8
55,Tieu su - hoi ky,10,4.8
118,Van hoc,8,4.8
2115,Truyen tranh,529,5
22,Truyen tranh,0,0
46,Nghe thuat song dep,2,5
498,Van hoc,52,4.8
217,Ki nang song,31,5
2,Kinh te,0,0
212,Hoc tap,42,5
3740,Hoc tap,193,5
7,Van hoc thieu nhi,2,5
281,Tieu su - hoi ky,47,5
569,Tieu thuyet,122,4.7
5,Kien thuc - bach khoa,1,5
2802,Truyen trinh tham,0,0
271,Hoc tap,37,5
88,Kinh te ,5,5
943,Tieu thuyet,112,4.8
3368,Khoa hoc,298,4.8
427,Kinh te,62,4.8
56,Van hoc,11,4.5
854,Kinh te ,114,5
228,Kien thuc - bach khoa,33,5
180,"Sach quan tri, lanh dao",12,4.8
2802,Truyen tranh,0,0
137,Truyen tranh,16,5
1876,Van hoc thieu nhi,446,5
5698,Van hoc,212,4.7
95,Hoc tap,9,5
1092,Kinh te ,153,4.8
60,Truyen dai,12,4.6
17,Van hoc thieu nhi,1,5
48,Kien thuc - bach khoa,2,5
7,To mau - luyen chu  ,0,0
1,Van hoc,0,0
15,Tam ly hoc,0,0
1231,Kinh te,181,4.8
1030,Sach lam cha me,74,4.8
350,Truyen trinh tham,73,5
64,Kien thuc - bach khoa,12,4.8
32,Hoc tap,1,5
2396,Sach ki nang lam viec,148,4.8
2882,Van hoc,314,4.6
6780,Tam ly hoc,470,4.6
2146,Hoc tap,296,4.8
954,Van hoc,95,5
257,Truyen gia tuong - huyen bi - phieu luu,61,4.8
176,Van hoc,23,4.8
3680,Truyen dai,450,4.8
19986,Linh vuc khac,5173,4.8
272,Truyen dai,45,4.8
4,Linh vuc khac,1,5
610,Van hoc,118,4.8
1,Van hoc,0,0
2364,Khoa hoc,480,4.8
1035,Truyen tranh,128,5
707,Truyen dai,43,5
7737,Sach ki nang lam viec,562,4.8
2802,Tieu thuyet,0,0
499,Khoa hoc,66,4.8
29,Van hoc,1,5
2084,Van hoc,203,4.6
19,Ki nang song,0,0
199,Kinh te,34,4.7
257,Khoa hoc,40,4.8
16,Tam ly hoc,1,5
6,Tieu thuyet,2,5
2802,Hoc tap,0,0
410,Kinh te,44,5
2802,Linh vuc khac,0,0
2802,Sach ki nang lam viec,0,0
595,Hoc tap,98,5
2802,Truyen tranh,0,0
4126,Kinh te,713,5
2802,Sach ki nang lam viec,0,0
11,Kien thuc - bach khoa,0,0
491,"Sach quan tri, lanh dao",51,5
23,Ki nang song,4,5
649,Tam ly hoc,69,4.8
3406,Van hoc,643,4.8
42,Kien thuc - bach khoa,3,5
567,Hoc tap,72,4.6
1949,Kinh te,55,4.5
354,Truyen gia tuong - huyen bi - phieu luu,14,5
1698,Van hoc,283,5
2156,Tam ly hoc,378,4.8
191,Hoc tap,57,5
497,Truyen gia tuong - huyen bi - phieu luu,12,4.8
161,Kien thuc - bach khoa,16,5
155,Linh vuc khac,29,5
52,Nghe thuat song dep,7,5
565,Truyen dai,20,5
374,Kinh te,41,4.8
145,Hoc tap,31,5
53,Tieu thuyet,6,5
52,Kinh te,9,5
54,Truyen ke cho be,5,5
514,Hoc tap,30,4.6
146,Tieu su - hoi ky,30,5
353,Truyen dam my,124,5
263,Ki nang song,39,4.8
852,Truyen trinh tham,161,5
20,Van hoc,10,5
2802,Ki nang song,0,0
1764,Ki nang song,229,4.7
287,Tieu thuyet,34,4.6
3387,Linh vuc khac,971,4.8
108,Van hoc,9,5
539,Truyen tranh,62,5
614,Tam ly hoc,130,5
60,Truyen trinh tham,13,5
46,Van hoc,2,4.5
280,Kinh te ,28,5
224,Ki nang song,13,4.6
79,Van hoc,4,5
153,Van hoc,14,5
813,Hoc tap,214,5
1584,Hoc tap,259,5
1,Van hoc,0,0
2308,Sach ki nang lam viec,134,4.8
92,Linh vuc khac,7,5
320,Kinh te ,33,4.8
190,Kien thuc - bach khoa,16,5
23,Van hoc thieu nhi,5,5
2136,Kinh te,484,4.8
808,Van hoc,299,4.8
314,Truyen dam my,108,5
383,Van hoc thieu nhi,48,4.7
1,Linh vuc khac,1,5
797,Sach lam cha me,88,4.8
490,Kien thuc - bach khoa,75,4.8
170,Tieu thuyet,31,4.8
496,Hoc tap,121,5
169,Linh vuc khac,16,5
5,Khoa hoc,0,0
2,Ki nang song,0,0
101,Hoc tap,12,4.5
460,Truyen tranh,55,5
32,Van hoc,7,4.7
3097,Sach lam cha me,148,4.7
103,Ki nang song,4,5
385,Van hoc,59,5
258,Truyen trinh tham,48,5
182,Hoc tap,27,5
531,Hoc tap,139,4.8
566,Truyen tranh,48,5
1332,Kinh te,8,5
1325,Van hoc,221,5
72,Van hoc,8,4.8
1424,Truyen gia tuong - huyen bi - phieu luu,293,4.6
1488,Kinh te,146,4.8
12,Tam ly hoc,3,5
75,Tieu thuyet,16,4.6
374,Tieu thuyet,82,5
4083,Ki nang song,438,4.8
891,Kinh te ,189,5
2802,Ki nang song,0,0
76,Ki nang song,7,5
147,Van hoc,20,5
931,Sach lam cha me,47,4.6
378,"Sach quan tri, lanh dao",33,5
954,Nghe thuat song dep,176,5
